<?xml version="1.0" encoding="UTF-8"?>
<!DOCTYPE mapper PUBLIC "-//mybatis.org//DTD Mapper 3.0//EN" "http://mybatis.org/dtd/mybatis-3-mapper.dtd">
<mapper namespace="com.example.demo.mapper.StudentMapper">

    <resultMap id="StudentResultMap" type="com.example.demo.domain.Student">
        <id property="id" column="id"/>
        <result property="name" column="name"/>
        <result property="age" column="age"/>
        <result property="major" column="major"/>
    </resultMap>

    <insert id="insertStudent" parameterType="com.example.demo.domain.Student">
        INSERT INTO student (name, age, major)
        VALUES (#{name}, #{age}, #{major})
    </insert>

    <select id="getStudentById" parameterType="Long" resultMap="StudentResultMap">
        SELECT * FROM student WHERE id = #{id}
    </select>

    <select id="getAllStudents" resultMap="StudentResultMap">
        SELECT * FROM student
    </select>

    <update id="updateStudent" parameterType="com.example.demo.domain.Student">
        UPDATE student
        SET name = #{name}, age = #{age}, major = #{major}
        WHERE id = #{id}
    </update>

    <delete id="deleteStudent" parameterType="Long">
        DELETE FROM student WHERE id = #{id}
    </delete>
</mapper>